Year,m,d,Time,Time zone,Direct solar radiation (W/m2)
2022,3,8,00:00,UTC,-0.1
2022,3,8,00:01,UTC,-0.1
2022,3,8,00:02,UTC,0.1
2022,3,8,00:03,UTC,-0.1
2022,3,8,00:04,UTC,0
2022,3,8,00:05,UTC,0.2
2022,3,8,00:06,UTC,0.1
2022,3,8,00:07,UTC,0.1
2022,3,8,00:08,UTC,0.3
2022,3,8,00:09,UTC,0.5
2022,3,8,00:10,UTC,0.4
2022,3,8,00:11,UTC,0.4
2022,3,8,00:12,UTC,0.2
2022,3,8,00:13,UTC,0.1
2022,3,8,00:14,UTC,0.2
2022,3,8,00:15,UTC,0.3
2022,3,8,00:16,UTC,0.6
2022,3,8,00:17,UTC,0.5
2022,3,8,00:18,UTC,0.4
2022,3,8,00:19,UTC,0.4
2022,3,8,00:20,UTC,0.5
2022,3,8,00:21,UTC,0.5
2022,3,8,00:22,UTC,0.3
2022,3,8,00:23,UTC,0.5
2022,3,8,00:24,UTC,0.7
2022,3,8,00:25,UTC,0.4
2022,3,8,00:26,UTC,0.5
2022,3,8,00:27,UTC,0.4
2022,3,8,00:28,UTC,0.5
2022,3,8,00:29,UTC,0.3
2022,3,8,00:30,UTC,0.2
2022,3,8,00:31,UTC,0.4
2022,3,8,00:32,UTC,0.5
2022,3,8,00:33,UTC,0.6
2022,3,8,00:34,UTC,0.7
2022,3,8,00:35,UTC,0.5
2022,3,8,00:36,UTC,0.6
2022,3,8,00:37,UTC,0.5
2022,3,8,00:38,UTC,0.6
2022,3,8,00:39,UTC,0.2
2022,3,8,00:40,UTC,0.1
2022,3,8,00:41,UTC,-0.1
2022,3,8,00:42,UTC,-0.1
2022,3,8,00:43,UTC,0
2022,3,8,00:44,UTC,-0.1
2022,3,8,00:45,UTC,-0.2
2022,3,8,00:46,UTC,-0.2
2022,3,8,00:47,UTC,-0.4
2022,3,8,00:48,UTC,-0.4
2022,3,8,00:49,UTC,-0.4
2022,3,8,00:50,UTC,-0.4
2022,3,8,00:51,UTC,-0.4
2022,3,8,00:52,UTC,-0.4
2022,3,8,00:53,UTC,-0.3
2022,3,8,00:54,UTC,0.1
2022,3,8,00:55,UTC,0.1
2022,3,8,00:56,UTC,0
2022,3,8,00:57,UTC,0.2
2022,3,8,00:58,UTC,0.3
2022,3,8,00:59,UTC,0.2
2022,3,8,01:00,UTC,0.2
2022,3,8,01:01,UTC,0.2
2022,3,8,01:02,UTC,0.2
2022,3,8,01:03,UTC,0.3
2022,3,8,01:04,UTC,0.2
2022,3,8,01:05,UTC,0.3
2022,3,8,01:06,UTC,0.3
2022,3,8,01:07,UTC,0.2
2022,3,8,01:08,UTC,0.1
2022,3,8,01:09,UTC,0
2022,3,8,01:10,UTC,0.2
2022,3,8,01:11,UTC,0.1
2022,3,8,01:12,UTC,0.3
2022,3,8,01:13,UTC,0.1
2022,3,8,01:14,UTC,0.3
2022,3,8,01:15,UTC,0.2
2022,3,8,01:16,UTC,0.1
2022,3,8,01:17,UTC,0.1
2022,3,8,01:18,UTC,0.1
2022,3,8,01:19,UTC,0.1
2022,3,8,01:20,UTC,0.2
2022,3,8,01:21,UTC,0.3
2022,3,8,01:22,UTC,0.2
2022,3,8,01:23,UTC,0.2
2022,3,8,01:24,UTC,0.2
2022,3,8,01:25,UTC,0
2022,3,8,01:26,UTC,0.3
2022,3,8,01:27,UTC,0.4
2022,3,8,01:28,UTC,0.4
2022,3,8,01:29,UTC,0.3
2022,3,8,01:30,UTC,-0.1
2022,3,8,01:31,UTC,-0.2
2022,3,8,01:32,UTC,0
2022,3,8,01:33,UTC,0
2022,3,8,01:34,UTC,0.1
2022,3,8,01:35,UTC,-0.1
2022,3,8,01:36,UTC,0
2022,3,8,01:37,UTC,-0.2
2022,3,8,01:38,UTC,0
2022,3,8,01:39,UTC,-0.3
2022,3,8,01:40,UTC,-0.2
2022,3,8,01:41,UTC,-0.3
2022,3,8,01:42,UTC,-0.1
2022,3,8,01:43,UTC,-0.1
2022,3,8,01:44,UTC,-0.2
2022,3,8,01:45,UTC,-0.4
2022,3,8,01:46,UTC,-0.2
2022,3,8,01:47,UTC,-0.3
2022,3,8,01:48,UTC,-0.4
2022,3,8,01:49,UTC,-0.7
2022,3,8,01:50,UTC,-0.6
2022,3,8,01:51,UTC,-0.5
2022,3,8,01:52,UTC,-0.7
2022,3,8,01:53,UTC,-0.4
2022,3,8,01:54,UTC,-0.4
2022,3,8,01:55,UTC,-0.3
2022,3,8,01:56,UTC,-0.4
2022,3,8,01:57,UTC,-0.4
2022,3,8,01:58,UTC,-0.3
2022,3,8,01:59,UTC,-0.5
2022,3,8,02:00,UTC,-0.5
2022,3,8,02:01,UTC,-0.6
2022,3,8,02:02,UTC,-0.4
2022,3,8,02:03,UTC,-0.4
2022,3,8,02:04,UTC,-0.2
2022,3,8,02:05,UTC,-0.1
2022,3,8,02:06,UTC,-0.5
2022,3,8,02:07,UTC,-0.3
2022,3,8,02:08,UTC,0
2022,3,8,02:09,UTC,0.3
2022,3,8,02:10,UTC,0.4
2022,3,8,02:11,UTC,0.6
2022,3,8,02:12,UTC,0.7
2022,3,8,02:13,UTC,0.3
2022,3,8,02:14,UTC,0.3
2022,3,8,02:15,UTC,0.3
2022,3,8,02:16,UTC,0.1
2022,3,8,02:17,UTC,0.2
2022,3,8,02:18,UTC,0.2
2022,3,8,02:19,UTC,0.2
2022,3,8,02:20,UTC,0.2
2022,3,8,02:21,UTC,-0.1
2022,3,8,02:22,UTC,-0.1
2022,3,8,02:23,UTC,0
2022,3,8,02:24,UTC,0.1
2022,3,8,02:25,UTC,0.1
2022,3,8,02:26,UTC,0.4
2022,3,8,02:27,UTC,0.2
2022,3,8,02:28,UTC,0.3
2022,3,8,02:29,UTC,0.3
2022,3,8,02:30,UTC,0.3
2022,3,8,02:31,UTC,0.2
2022,3,8,02:32,UTC,0.1
2022,3,8,02:33,UTC,0.2
2022,3,8,02:34,UTC,0.2
2022,3,8,02:35,UTC,0.4
2022,3,8,02:36,UTC,0.5
2022,3,8,02:37,UTC,0.5
2022,3,8,02:38,UTC,0.4
2022,3,8,02:39,UTC,0.4
2022,3,8,02:40,UTC,0.6
2022,3,8,02:41,UTC,0.7
2022,3,8,02:42,UTC,0.5
2022,3,8,02:43,UTC,0.5
2022,3,8,02:44,UTC,0.5
2022,3,8,02:45,UTC,0.5
2022,3,8,02:46,UTC,0.5
2022,3,8,02:47,UTC,0.4
2022,3,8,02:48,UTC,0.3
2022,3,8,02:49,UTC,0.7
2022,3,8,02:50,UTC,0.4
2022,3,8,02:51,UTC,0.3
2022,3,8,02:52,UTC,0.3
2022,3,8,02:53,UTC,0.2
2022,3,8,02:54,UTC,0.1
2022,3,8,02:55,UTC,-0.3
2022,3,8,02:56,UTC,-0.1
2022,3,8,02:57,UTC,-0.2
2022,3,8,02:58,UTC,0
2022,3,8,02:59,UTC,-0.1
2022,3,8,03:00,UTC,-0.1
2022,3,8,03:01,UTC,-0.3
2022,3,8,03:02,UTC,-0.1
2022,3,8,03:03,UTC,0.2
2022,3,8,03:04,UTC,0.1
2022,3,8,03:05,UTC,0.1
2022,3,8,03:06,UTC,0.1
2022,3,8,03:07,UTC,-0.1
2022,3,8,03:08,UTC,0
2022,3,8,03:09,UTC,0
2022,3,8,03:10,UTC,0.1
2022,3,8,03:11,UTC,-0.2
2022,3,8,03:12,UTC,-0.1
2022,3,8,03:13,UTC,-0.1
2022,3,8,03:14,UTC,-0.2
2022,3,8,03:15,UTC,0.2
2022,3,8,03:16,UTC,0.1
2022,3,8,03:17,UTC,0.1
2022,3,8,03:18,UTC,-0.1
2022,3,8,03:19,UTC,0.1
2022,3,8,03:20,UTC,0.1
2022,3,8,03:21,UTC,0.3
2022,3,8,03:22,UTC,0.2
2022,3,8,03:23,UTC,0.4
2022,3,8,03:24,UTC,0.3
2022,3,8,03:25,UTC,0.3
2022,3,8,03:26,UTC,0.1
2022,3,8,03:27,UTC,0.5
2022,3,8,03:28,UTC,0.4
2022,3,8,03:29,UTC,0.5
2022,3,8,03:30,UTC,0.5
2022,3,8,03:31,UTC,0.3
2022,3,8,03:32,UTC,0.3
2022,3,8,03:33,UTC,0.5
2022,3,8,03:34,UTC,0.4
2022,3,8,03:35,UTC,0.5
2022,3,8,03:36,UTC,0.4
2022,3,8,03:37,UTC,0.5
2022,3,8,03:38,UTC,0.2
2022,3,8,03:39,UTC,0.2
2022,3,8,03:40,UTC,0.1
2022,3,8,03:41,UTC,0.1
2022,3,8,03:42,UTC,0.2
2022,3,8,03:43,UTC,0
2022,3,8,03:44,UTC,-0.1
2022,3,8,03:45,UTC,-0.1
2022,3,8,03:46,UTC,0
2022,3,8,03:47,UTC,-0.2
2022,3,8,03:48,UTC,-0.2
2022,3,8,03:49,UTC,0.2
2022,3,8,03:50,UTC,0.3
2022,3,8,03:51,UTC,0.3
2022,3,8,03:52,UTC,0.5
2022,3,8,03:53,UTC,0.4
2022,3,8,03:54,UTC,0.3
2022,3,8,03:55,UTC,0.4
2022,3,8,03:56,UTC,0.4
2022,3,8,03:57,UTC,0.6
2022,3,8,03:58,UTC,0.4
2022,3,8,03:59,UTC,0.5
2022,3,8,04:00,UTC,0.5
2022,3,8,04:01,UTC,0.3
2022,3,8,04:02,UTC,0.3
2022,3,8,04:03,UTC,0.3
2022,3,8,04:04,UTC,0.2
2022,3,8,04:05,UTC,0.3
2022,3,8,04:06,UTC,0.1
2022,3,8,04:07,UTC,0.1
2022,3,8,04:08,UTC,0.1
2022,3,8,04:09,UTC,0.1
2022,3,8,04:10,UTC,0.2
2022,3,8,04:11,UTC,0.1
2022,3,8,04:12,UTC,0
2022,3,8,04:13,UTC,0
2022,3,8,04:14,UTC,0.1
2022,3,8,04:15,UTC,0.1
2022,3,8,04:16,UTC,0.1
2022,3,8,04:17,UTC,0.2
2022,3,8,04:18,UTC,0.1
2022,3,8,04:19,UTC,0.1
2022,3,8,04:20,UTC,0.3
2022,3,8,04:21,UTC,0
2022,3,8,04:22,UTC,0.1
2022,3,8,04:23,UTC,0.1
2022,3,8,04:24,UTC,0.2
2022,3,8,04:25,UTC,-0.1
2022,3,8,04:26,UTC,-0.1
2022,3,8,04:27,UTC,-0.2
2022,3,8,04:28,UTC,-0.3
2022,3,8,04:29,UTC,-0.1
2022,3,8,04:30,UTC,0.2
2022,3,8,04:31,UTC,0.1
2022,3,8,04:32,UTC,-0.1
2022,3,8,04:33,UTC,-0.1
2022,3,8,04:34,UTC,-0.1
2022,3,8,04:35,UTC,0
2022,3,8,04:36,UTC,-0.3
2022,3,8,04:37,UTC,-0.3
2022,3,8,04:38,UTC,0.3
2022,3,8,04:39,UTC,0.4
2022,3,8,04:40,UTC,0.3
2022,3,8,04:41,UTC,0.4
2022,3,8,04:42,UTC,0.6
2022,3,8,04:43,UTC,0.6
2022,3,8,04:44,UTC,0.6
2022,3,8,04:45,UTC,0.7
2022,3,8,04:46,UTC,0.8
2022,3,8,04:47,UTC,0.6
2022,3,8,04:48,UTC,0.3
2022,3,8,04:49,UTC,0.3
2022,3,8,04:50,UTC,0.3
2022,3,8,04:51,UTC,0.2
2022,3,8,04:52,UTC,0.3
2022,3,8,04:53,UTC,0.3
2022,3,8,04:54,UTC,0.4
2022,3,8,04:55,UTC,0.5
2022,3,8,04:56,UTC,0.6
2022,3,8,04:57,UTC,0.4
2022,3,8,04:58,UTC,0.6
2022,3,8,04:59,UTC,0.7
2022,3,8,05:00,UTC,0.6
2022,3,8,05:01,UTC,0.4
2022,3,8,05:02,UTC,0.4
2022,3,8,05:03,UTC,0.4
2022,3,8,05:04,UTC,0.5
2022,3,8,05:05,UTC,0.6
2022,3,8,05:06,UTC,0.4
2022,3,8,05:07,UTC,0.7
2022,3,8,05:08,UTC,0.5
2022,3,8,05:09,UTC,0.4
2022,3,8,05:10,UTC,0.3
2022,3,8,05:11,UTC,0.4
2022,3,8,05:12,UTC,0.4
2022,3,8,05:13,UTC,0.4
2022,3,8,05:14,UTC,0.3
2022,3,8,05:15,UTC,0.3
2022,3,8,05:16,UTC,0.3
2022,3,8,05:17,UTC,0.4
2022,3,8,05:18,UTC,0.5
2022,3,8,05:19,UTC,0.6
2022,3,8,05:20,UTC,0.5
2022,3,8,05:21,UTC,0.6
2022,3,8,05:22,UTC,0.5
2022,3,8,05:23,UTC,0.6
2022,3,8,05:24,UTC,0.8
2022,3,8,05:25,UTC,1
2022,3,8,05:26,UTC,0.8
2022,3,8,05:27,UTC,0.8
2022,3,8,05:28,UTC,1
2022,3,8,05:29,UTC,0.9
2022,3,8,05:30,UTC,0.9
2022,3,8,05:31,UTC,1.1
2022,3,8,05:32,UTC,1.1
2022,3,8,05:33,UTC,1
2022,3,8,05:34,UTC,1.1
2022,3,8,05:35,UTC,1
2022,3,8,05:36,UTC,1.1
2022,3,8,05:37,UTC,1.2
2022,3,8,05:38,UTC,1
2022,3,8,05:39,UTC,0.6
2022,3,8,05:40,UTC,0.7
2022,3,8,05:41,UTC,0.8
2022,3,8,05:42,UTC,0.7
2022,3,8,05:43,UTC,0.7
2022,3,8,05:44,UTC,0.7
2022,3,8,05:45,UTC,0.6
2022,3,8,05:46,UTC,0.7
2022,3,8,05:47,UTC,0.6
2022,3,8,05:48,UTC,0.6
2022,3,8,05:49,UTC,0.6
2022,3,8,05:50,UTC,0.5
2022,3,8,05:51,UTC,0.6
2022,3,8,05:52,UTC,0.6
2022,3,8,05:53,UTC,0.5
2022,3,8,05:54,UTC,0.2
2022,3,8,05:55,UTC,0.2
2022,3,8,05:56,UTC,0.1
2022,3,8,05:57,UTC,0.1
2022,3,8,05:58,UTC,-0.2
2022,3,8,05:59,UTC,-0.1
2022,3,8,06:00,UTC,0
2022,3,8,06:01,UTC,0
2022,3,8,06:02,UTC,-0.2
2022,3,8,06:03,UTC,-0.2
2022,3,8,06:04,UTC,-0.1
2022,3,8,06:05,UTC,-0.2
2022,3,8,06:06,UTC,-0.3
2022,3,8,06:07,UTC,0
2022,3,8,06:08,UTC,0.2
2022,3,8,06:09,UTC,0.4
2022,3,8,06:10,UTC,0.4
2022,3,8,06:11,UTC,0.6
2022,3,8,06:12,UTC,0.4
2022,3,8,06:13,UTC,0.5
2022,3,8,06:14,UTC,0.4
2022,3,8,06:15,UTC,0.2
2022,3,8,06:16,UTC,0.3
2022,3,8,06:17,UTC,0.3
2022,3,8,06:18,UTC,0.4
2022,3,8,06:19,UTC,0.4
2022,3,8,06:20,UTC,0.3
2022,3,8,06:21,UTC,0.4
2022,3,8,06:22,UTC,0.3
2022,3,8,06:23,UTC,0.4
2022,3,8,06:24,UTC,0.4
2022,3,8,06:25,UTC,0.6
2022,3,8,06:26,UTC,0.4
2022,3,8,06:27,UTC,0.5
2022,3,8,06:28,UTC,0.8
2022,3,8,06:29,UTC,0.6
2022,3,8,06:30,UTC,0.6
2022,3,8,06:31,UTC,0.6
2022,3,8,06:32,UTC,0.8
2022,3,8,06:33,UTC,1
2022,3,8,06:34,UTC,0.7
2022,3,8,06:35,UTC,0.5
2022,3,8,06:36,UTC,0.8
2022,3,8,06:37,UTC,0.6
2022,3,8,06:38,UTC,0.3
2022,3,8,06:39,UTC,0.2
2022,3,8,06:40,UTC,0.3
2022,3,8,06:41,UTC,0.2
2022,3,8,06:42,UTC,0.4
2022,3,8,06:43,UTC,0.6
2022,3,8,06:44,UTC,0.7
2022,3,8,06:45,UTC,0.5
2022,3,8,06:46,UTC,0.6
2022,3,8,06:47,UTC,0.3
2022,3,8,06:48,UTC,0.3
2022,3,8,06:49,UTC,0.4
2022,3,8,06:50,UTC,0.8
2022,3,8,06:51,UTC,0.7
2022,3,8,06:52,UTC,0.5
2022,3,8,06:53,UTC,0.5
2022,3,8,06:54,UTC,0.6
2022,3,8,06:55,UTC,0.5
2022,3,8,06:56,UTC,0.7
2022,3,8,06:57,UTC,0.5
2022,3,8,06:58,UTC,0.5
2022,3,8,06:59,UTC,0.6
2022,3,8,07:00,UTC,0.4
2022,3,8,07:01,UTC,0.6
2022,3,8,07:02,UTC,0.4
2022,3,8,07:03,UTC,0.6
2022,3,8,07:04,UTC,0.2
2022,3,8,07:05,UTC,0.2
2022,3,8,07:06,UTC,0.1
2022,3,8,07:07,UTC,0.2
2022,3,8,07:08,UTC,0.5
2022,3,8,07:09,UTC,0.6
2022,3,8,07:10,UTC,0.7
2022,3,8,07:11,UTC,0.7
2022,3,8,07:12,UTC,0.7
2022,3,8,07:13,UTC,0.6
2022,3,8,07:14,UTC,0.2
2022,3,8,07:15,UTC,0.3
2022,3,8,07:16,UTC,0.4
2022,3,8,07:17,UTC,0.6
2022,3,8,07:18,UTC,0.6
2022,3,8,07:19,UTC,0.7
2022,3,8,07:20,UTC,0.7
2022,3,8,07:21,UTC,0.9
2022,3,8,07:22,UTC,0.8
2022,3,8,07:23,UTC,0.7
2022,3,8,07:24,UTC,0.7
2022,3,8,07:25,UTC,0.8
2022,3,8,07:26,UTC,0.7
2022,3,8,07:27,UTC,0.7
2022,3,8,07:28,UTC,0.9
2022,3,8,07:29,UTC,1
2022,3,8,07:30,UTC,1.1
2022,3,8,07:31,UTC,1.4
2022,3,8,07:32,UTC,1
2022,3,8,07:33,UTC,0.7
2022,3,8,07:34,UTC,0.3
2022,3,8,07:35,UTC,0.5
2022,3,8,07:36,UTC,0.4
2022,3,8,07:37,UTC,0.5
2022,3,8,07:38,UTC,0.5
2022,3,8,07:39,UTC,0.4
2022,3,8,07:40,UTC,0.4
2022,3,8,07:41,UTC,0.5
2022,3,8,07:42,UTC,0.3
2022,3,8,07:43,UTC,0.3
2022,3,8,07:44,UTC,0.6
2022,3,8,07:45,UTC,0.7
2022,3,8,07:46,UTC,0.7
2022,3,8,07:47,UTC,0.6
2022,3,8,07:48,UTC,0.6
2022,3,8,07:49,UTC,0.7
2022,3,8,07:50,UTC,0.7
2022,3,8,07:51,UTC,0.6
2022,3,8,07:52,UTC,1
2022,3,8,07:53,UTC,0.9
2022,3,8,07:54,UTC,1
2022,3,8,07:55,UTC,0.9
2022,3,8,07:56,UTC,0.8
2022,3,8,07:57,UTC,1
2022,3,8,07:58,UTC,1
2022,3,8,07:59,UTC,0.8
2022,3,8,08:00,UTC,1
2022,3,8,08:01,UTC,0.8
2022,3,8,08:02,UTC,0.7
2022,3,8,08:03,UTC,0.6
2022,3,8,08:04,UTC,0.5
2022,3,8,08:05,UTC,0.4
2022,3,8,08:06,UTC,0.2
2022,3,8,08:07,UTC,0.1
2022,3,8,08:08,UTC,0.3
2022,3,8,08:09,UTC,0
2022,3,8,08:10,UTC,-0.3
2022,3,8,08:11,UTC,-0.3
2022,3,8,08:12,UTC,-0.2
2022,3,8,08:13,UTC,0.2
2022,3,8,08:14,UTC,0.2
2022,3,8,08:15,UTC,0.4
2022,3,8,08:16,UTC,0.5
2022,3,8,08:17,UTC,0.9
2022,3,8,08:18,UTC,0.9
2022,3,8,08:19,UTC,0.8
2022,3,8,08:20,UTC,1
2022,3,8,08:21,UTC,1.1
2022,3,8,08:22,UTC,0.8
2022,3,8,08:23,UTC,0.5
2022,3,8,08:24,UTC,0.2
2022,3,8,08:25,UTC,0
2022,3,8,08:26,UTC,-0.2
2022,3,8,08:27,UTC,0.2
2022,3,8,08:28,UTC,0.3
2022,3,8,08:29,UTC,0.3
2022,3,8,08:30,UTC,0.6
2022,3,8,08:31,UTC,0.4
2022,3,8,08:32,UTC,0.3
2022,3,8,08:33,UTC,0.3
2022,3,8,08:34,UTC,0.1
2022,3,8,08:35,UTC,0.2
2022,3,8,08:36,UTC,0.8
2022,3,8,08:37,UTC,0.7
2022,3,8,08:38,UTC,0.5
2022,3,8,08:39,UTC,0.6
2022,3,8,08:40,UTC,0.9
2022,3,8,08:41,UTC,0.7
2022,3,8,08:42,UTC,0.6
2022,3,8,08:43,UTC,0.7
2022,3,8,08:44,UTC,0.7
2022,3,8,08:45,UTC,0.5
2022,3,8,08:46,UTC,0.5
2022,3,8,08:47,UTC,0.7
2022,3,8,08:48,UTC,0.3
2022,3,8,08:49,UTC,-0.2
2022,3,8,08:50,UTC,0.1
2022,3,8,08:51,UTC,-0.3
2022,3,8,08:52,UTC,-0.2
2022,3,8,08:53,UTC,0.3
2022,3,8,08:54,UTC,0
2022,3,8,08:55,UTC,-0.2
2022,3,8,08:56,UTC,0
2022,3,8,08:57,UTC,0.1
2022,3,8,08:58,UTC,0.3
2022,3,8,08:59,UTC,0.1
2022,3,8,09:00,UTC,0.1
2022,3,8,09:01,UTC,0.5
2022,3,8,09:02,UTC,0.4
2022,3,8,09:03,UTC,0.2
2022,3,8,09:04,UTC,0.2
2022,3,8,09:05,UTC,0.1
2022,3,8,09:06,UTC,0.1
2022,3,8,09:07,UTC,0.2
2022,3,8,09:08,UTC,0.1
2022,3,8,09:09,UTC,0.7
2022,3,8,09:10,UTC,0.9
2022,3,8,09:11,UTC,0.9
2022,3,8,09:12,UTC,1
2022,3,8,09:13,UTC,1.2
2022,3,8,09:14,UTC,1.5
2022,3,8,09:15,UTC,1.5
2022,3,8,09:16,UTC,1.6
2022,3,8,09:17,UTC,0.9
2022,3,8,09:18,UTC,1.2
2022,3,8,09:19,UTC,1.6
2022,3,8,09:20,UTC,1.2
2022,3,8,09:21,UTC,1.6
2022,3,8,09:22,UTC,2.2
2022,3,8,09:23,UTC,1.9
2022,3,8,09:24,UTC,1.3
2022,3,8,09:25,UTC,1
2022,3,8,09:26,UTC,1.2
2022,3,8,09:27,UTC,1
2022,3,8,09:28,UTC,1.2
2022,3,8,09:29,UTC,1.2
2022,3,8,09:30,UTC,1.2
2022,3,8,09:31,UTC,1.3
2022,3,8,09:32,UTC,1.5
2022,3,8,09:33,UTC,1.9
2022,3,8,09:34,UTC,1.6
2022,3,8,09:35,UTC,1.1
2022,3,8,09:36,UTC,0.7
2022,3,8,09:37,UTC,0.6
2022,3,8,09:38,UTC,0
2022,3,8,09:39,UTC,0.3
2022,3,8,09:40,UTC,0.5
2022,3,8,09:41,UTC,0
2022,3,8,09:42,UTC,-0.2
2022,3,8,09:43,UTC,-0.2
2022,3,8,09:44,UTC,-0.4
2022,3,8,09:45,UTC,-0.3
2022,3,8,09:46,UTC,-0.2
2022,3,8,09:47,UTC,-0.5
2022,3,8,09:48,UTC,-0.9
2022,3,8,09:49,UTC,-0.6
2022,3,8,09:50,UTC,-0.2
2022,3,8,09:51,UTC,0.3
2022,3,8,09:52,UTC,0.4
2022,3,8,09:53,UTC,0.4
2022,3,8,09:54,UTC,0.6
2022,3,8,09:55,UTC,0.4
2022,3,8,09:56,UTC,0.5
2022,3,8,09:57,UTC,0.8
2022,3,8,09:58,UTC,1
2022,3,8,09:59,UTC,0.7
2022,3,8,10:00,UTC,0.6
2022,3,8,10:01,UTC,0.3
2022,3,8,10:02,UTC,0.3
2022,3,8,10:03,UTC,0.6
2022,3,8,10:04,UTC,0.4
2022,3,8,10:05,UTC,0.3
2022,3,8,10:06,UTC,0.1
2022,3,8,10:07,UTC,0.4
2022,3,8,10:08,UTC,0.7
2022,3,8,10:09,UTC,0.7
2022,3,8,10:10,UTC,0.6
2022,3,8,10:11,UTC,0.6
2022,3,8,10:12,UTC,1
2022,3,8,10:13,UTC,0.7
2022,3,8,10:14,UTC,0.6
2022,3,8,10:15,UTC,0.7
2022,3,8,10:16,UTC,0.5
2022,3,8,10:17,UTC,0.7
2022,3,8,10:18,UTC,0.5
2022,3,8,10:19,UTC,0.8
2022,3,8,10:20,UTC,0.7
2022,3,8,10:21,UTC,0.8
2022,3,8,10:22,UTC,1.3
2022,3,8,10:23,UTC,0.8
2022,3,8,10:24,UTC,0.1
2022,3,8,10:25,UTC,0
2022,3,8,10:26,UTC,-0.3
2022,3,8,10:27,UTC,-0.3
2022,3,8,10:28,UTC,0
2022,3,8,10:29,UTC,0
2022,3,8,10:30,UTC,0.3
2022,3,8,10:31,UTC,0.3
2022,3,8,10:32,UTC,0.2
2022,3,8,10:33,UTC,-0.1
2022,3,8,10:34,UTC,0.1
2022,3,8,10:35,UTC,0.7
2022,3,8,10:36,UTC,0.9
2022,3,8,10:37,UTC,0.5
2022,3,8,10:38,UTC,0.7
2022,3,8,10:39,UTC,0.6
2022,3,8,10:40,UTC,0.8
2022,3,8,10:41,UTC,1
2022,3,8,10:42,UTC,1.5
2022,3,8,10:43,UTC,1.7
2022,3,8,10:44,UTC,2.3
2022,3,8,10:45,UTC,2.9
2022,3,8,10:46,UTC,2.9
2022,3,8,10:47,UTC,2
2022,3,8,10:48,UTC,1.5
2022,3,8,10:49,UTC,1.7
2022,3,8,10:50,UTC,1.7
2022,3,8,10:51,UTC,1.3
2022,3,8,10:52,UTC,1.1
2022,3,8,10:53,UTC,0.9
2022,3,8,10:54,UTC,0.9
2022,3,8,10:55,UTC,1.1
2022,3,8,10:56,UTC,0.6
2022,3,8,10:57,UTC,0.3
2022,3,8,10:58,UTC,0.2
2022,3,8,10:59,UTC,-0.4
2022,3,8,11:00,UTC,-0.1
2022,3,8,11:01,UTC,0.3
2022,3,8,11:02,UTC,0.3
2022,3,8,11:03,UTC,0.5
2022,3,8,11:04,UTC,0.5
2022,3,8,11:05,UTC,0.2
2022,3,8,11:06,UTC,0.1
2022,3,8,11:07,UTC,0
2022,3,8,11:08,UTC,0.1
2022,3,8,11:09,UTC,0.5
2022,3,8,11:10,UTC,0.5
2022,3,8,11:11,UTC,0.6
2022,3,8,11:12,UTC,0.4
2022,3,8,11:13,UTC,0.1
2022,3,8,11:14,UTC,0.5
2022,3,8,11:15,UTC,0.6
2022,3,8,11:16,UTC,0.8
2022,3,8,11:17,UTC,0.7
2022,3,8,11:18,UTC,1.2
2022,3,8,11:19,UTC,1.1
2022,3,8,11:20,UTC,0.8
2022,3,8,11:21,UTC,1.2
2022,3,8,11:22,UTC,1.6
2022,3,8,11:23,UTC,1.6
2022,3,8,11:24,UTC,1.4
2022,3,8,11:25,UTC,1.4
2022,3,8,11:26,UTC,1.4
2022,3,8,11:27,UTC,1.1
2022,3,8,11:28,UTC,1.3
2022,3,8,11:29,UTC,1.3
2022,3,8,11:30,UTC,1.4
2022,3,8,11:31,UTC,1.4
2022,3,8,11:32,UTC,1.6
2022,3,8,11:33,UTC,1.7
2022,3,8,11:34,UTC,1.3
2022,3,8,11:35,UTC,0.6
2022,3,8,11:36,UTC,0.9
2022,3,8,11:37,UTC,1
2022,3,8,11:38,UTC,1.1
2022,3,8,11:39,UTC,0.9
2022,3,8,11:40,UTC,0.8
2022,3,8,11:41,UTC,0.8
2022,3,8,11:42,UTC,0.9
2022,3,8,11:43,UTC,0.7
2022,3,8,11:44,UTC,0.9
2022,3,8,11:45,UTC,1.1
2022,3,8,11:46,UTC,1
2022,3,8,11:47,UTC,1.1
2022,3,8,11:48,UTC,0.8
2022,3,8,11:49,UTC,0.3
2022,3,8,11:50,UTC,0.2
2022,3,8,11:51,UTC,0.3
2022,3,8,11:52,UTC,0.3
2022,3,8,11:53,UTC,0.4
2022,3,8,11:54,UTC,0.3
2022,3,8,11:55,UTC,0.2
2022,3,8,11:56,UTC,0.3
2022,3,8,11:57,UTC,0.4
2022,3,8,11:58,UTC,0.8
2022,3,8,11:59,UTC,1.6
2022,3,8,12:00,UTC,1.9
2022,3,8,12:01,UTC,1.9
2022,3,8,12:02,UTC,2.1
2022,3,8,12:03,UTC,2
2022,3,8,12:04,UTC,1
2022,3,8,12:05,UTC,0.6
2022,3,8,12:06,UTC,0.6
2022,3,8,12:07,UTC,0.7
2022,3,8,12:08,UTC,0.7
2022,3,8,12:09,UTC,0.8
2022,3,8,12:10,UTC,1
2022,3,8,12:11,UTC,1.3
2022,3,8,12:12,UTC,1.4
2022,3,8,12:13,UTC,1.1
2022,3,8,12:14,UTC,0.8
2022,3,8,12:15,UTC,0.7
2022,3,8,12:16,UTC,0.7
2022,3,8,12:17,UTC,1.1
2022,3,8,12:18,UTC,1.5
2022,3,8,12:19,UTC,1.7
2022,3,8,12:20,UTC,1.4
2022,3,8,12:21,UTC,0.9
2022,3,8,12:22,UTC,0.8
2022,3,8,12:23,UTC,0.6
2022,3,8,12:24,UTC,0.2
2022,3,8,12:25,UTC,-0.1
2022,3,8,12:26,UTC,-0.1
2022,3,8,12:27,UTC,-0.1
2022,3,8,12:28,UTC,0.1
2022,3,8,12:29,UTC,0.2
2022,3,8,12:30,UTC,0.1
2022,3,8,12:31,UTC,-0.1
2022,3,8,12:32,UTC,-0.1
2022,3,8,12:33,UTC,-0.1
2022,3,8,12:34,UTC,-0.3
2022,3,8,12:35,UTC,0
2022,3,8,12:36,UTC,0.2
2022,3,8,12:37,UTC,0.4
2022,3,8,12:38,UTC,0.9
2022,3,8,12:39,UTC,1.2
2022,3,8,12:40,UTC,1.1
2022,3,8,12:41,UTC,0.6
2022,3,8,12:42,UTC,0.5
2022,3,8,12:43,UTC,0.8
2022,3,8,12:44,UTC,0.8
2022,3,8,12:45,UTC,0.9
2022,3,8,12:46,UTC,0.7
2022,3,8,12:47,UTC,0.8
2022,3,8,12:48,UTC,0.8
2022,3,8,12:49,UTC,0.7
2022,3,8,12:50,UTC,0.5
2022,3,8,12:51,UTC,0.6
2022,3,8,12:52,UTC,0.8
2022,3,8,12:53,UTC,0.9
2022,3,8,12:54,UTC,0.6
2022,3,8,12:55,UTC,0.4
2022,3,8,12:56,UTC,0.6
2022,3,8,12:57,UTC,0.7
2022,3,8,12:58,UTC,0.9
2022,3,8,12:59,UTC,0.9
2022,3,8,13:00,UTC,0.9
2022,3,8,13:01,UTC,0.6
2022,3,8,13:02,UTC,0.6
2022,3,8,13:03,UTC,0.7
2022,3,8,13:04,UTC,0.9
2022,3,8,13:05,UTC,1.2
2022,3,8,13:06,UTC,1.6
2022,3,8,13:07,UTC,1.5
2022,3,8,13:08,UTC,0.9
2022,3,8,13:09,UTC,0.5
2022,3,8,13:10,UTC,0.4
2022,3,8,13:11,UTC,0.7
2022,3,8,13:12,UTC,0.6
2022,3,8,13:13,UTC,0.6
2022,3,8,13:14,UTC,0.5
2022,3,8,13:15,UTC,0.5
2022,3,8,13:16,UTC,0.3
2022,3,8,13:17,UTC,0.1
2022,3,8,13:18,UTC,0.4
2022,3,8,13:19,UTC,0.6
2022,3,8,13:20,UTC,0.5
2022,3,8,13:21,UTC,0.4
2022,3,8,13:22,UTC,0.3
2022,3,8,13:23,UTC,0
2022,3,8,13:24,UTC,0
2022,3,8,13:25,UTC,0.1
2022,3,8,13:26,UTC,0.2
2022,3,8,13:27,UTC,0.2
2022,3,8,13:28,UTC,0.3
2022,3,8,13:29,UTC,0.3
2022,3,8,13:30,UTC,0.2
2022,3,8,13:31,UTC,0.2
2022,3,8,13:32,UTC,-0.1
2022,3,8,13:33,UTC,-0.1
2022,3,8,13:34,UTC,0.1
2022,3,8,13:35,UTC,-0.2
2022,3,8,13:36,UTC,0.2
2022,3,8,13:37,UTC,0.2
2022,3,8,13:38,UTC,0.4
2022,3,8,13:39,UTC,0.4
2022,3,8,13:40,UTC,0.2
2022,3,8,13:41,UTC,0.3
2022,3,8,13:42,UTC,0.5
2022,3,8,13:43,UTC,0.5
2022,3,8,13:44,UTC,0.3
2022,3,8,13:45,UTC,0.4
2022,3,8,13:46,UTC,0.3
2022,3,8,13:47,UTC,0.2
2022,3,8,13:48,UTC,0.5
2022,3,8,13:49,UTC,0.6
2022,3,8,13:50,UTC,0.8
2022,3,8,13:51,UTC,0.9
2022,3,8,13:52,UTC,0.7
2022,3,8,13:53,UTC,0.3
2022,3,8,13:54,UTC,0.2
2022,3,8,13:55,UTC,0.3
2022,3,8,13:56,UTC,0.4
2022,3,8,13:57,UTC,0.3
2022,3,8,13:58,UTC,0.4
2022,3,8,13:59,UTC,0.2
2022,3,8,14:00,UTC,0.4
2022,3,8,14:01,UTC,0.2
2022,3,8,14:02,UTC,0.6
2022,3,8,14:03,UTC,0.6
2022,3,8,14:04,UTC,0.4
2022,3,8,14:05,UTC,0.5
2022,3,8,14:06,UTC,0.4
2022,3,8,14:07,UTC,0.5
2022,3,8,14:08,UTC,0.4
2022,3,8,14:09,UTC,0.3
2022,3,8,14:10,UTC,0.1
2022,3,8,14:11,UTC,0.1
2022,3,8,14:12,UTC,0.2
2022,3,8,14:13,UTC,0.1
2022,3,8,14:14,UTC,0.1
2022,3,8,14:15,UTC,0.2
2022,3,8,14:16,UTC,0.2
2022,3,8,14:17,UTC,0
2022,3,8,14:18,UTC,0.3
2022,3,8,14:19,UTC,0.5
2022,3,8,14:20,UTC,0.7
2022,3,8,14:21,UTC,0.6
2022,3,8,14:22,UTC,0.8
2022,3,8,14:23,UTC,0.6
2022,3,8,14:24,UTC,0.2
2022,3,8,14:25,UTC,0.4
2022,3,8,14:26,UTC,0.1
2022,3,8,14:27,UTC,-0.1
2022,3,8,14:28,UTC,0
2022,3,8,14:29,UTC,0.5
2022,3,8,14:30,UTC,0.7
2022,3,8,14:31,UTC,1
2022,3,8,14:32,UTC,0.8
2022,3,8,14:33,UTC,0.8
2022,3,8,14:34,UTC,0.7
2022,3,8,14:35,UTC,0.8
2022,3,8,14:36,UTC,0.7
2022,3,8,14:37,UTC,0.5
2022,3,8,14:38,UTC,0.7
2022,3,8,14:39,UTC,0.6
2022,3,8,14:40,UTC,0.5
2022,3,8,14:41,UTC,0.2
2022,3,8,14:42,UTC,0.4
2022,3,8,14:43,UTC,0.2
2022,3,8,14:44,UTC,0.1
2022,3,8,14:45,UTC,0.4
2022,3,8,14:46,UTC,0.5
2022,3,8,14:47,UTC,0.3
2022,3,8,14:48,UTC,-0.1
2022,3,8,14:49,UTC,0.2
2022,3,8,14:50,UTC,0.2
2022,3,8,14:51,UTC,0.1
2022,3,8,14:52,UTC,0.1
2022,3,8,14:53,UTC,0.2
2022,3,8,14:54,UTC,-0.1
2022,3,8,14:55,UTC,-0.1
2022,3,8,14:56,UTC,0.1
2022,3,8,14:57,UTC,-0.2
2022,3,8,14:58,UTC,-0.2
2022,3,8,14:59,UTC,0
2022,3,8,15:00,UTC,0
2022,3,8,15:01,UTC,0
2022,3,8,15:02,UTC,0
2022,3,8,15:03,UTC,0
2022,3,8,15:04,UTC,0
2022,3,8,15:05,UTC,0
2022,3,8,15:06,UTC,-0.1
2022,3,8,15:07,UTC,0
2022,3,8,15:08,UTC,0.1
2022,3,8,15:09,UTC,0.2
2022,3,8,15:10,UTC,0.2
2022,3,8,15:11,UTC,0.3
2022,3,8,15:12,UTC,0
2022,3,8,15:13,UTC,0
2022,3,8,15:14,UTC,0.2
2022,3,8,15:15,UTC,0.1
2022,3,8,15:16,UTC,0
2022,3,8,15:17,UTC,0.1
2022,3,8,15:18,UTC,0.2
2022,3,8,15:19,UTC,0.1
2022,3,8,15:20,UTC,0.2
2022,3,8,15:21,UTC,0.5
2022,3,8,15:22,UTC,0.5
2022,3,8,15:23,UTC,0.3
2022,3,8,15:24,UTC,0.3
2022,3,8,15:25,UTC,0.2
2022,3,8,15:26,UTC,0.1
2022,3,8,15:27,UTC,0
2022,3,8,15:28,UTC,0.1
2022,3,8,15:29,UTC,0.3
2022,3,8,15:30,UTC,0.4
2022,3,8,15:31,UTC,0.4
2022,3,8,15:32,UTC,0.2
2022,3,8,15:33,UTC,0.3
2022,3,8,15:34,UTC,0.4
2022,3,8,15:35,UTC,0.4
2022,3,8,15:36,UTC,0.4
2022,3,8,15:37,UTC,0.5
2022,3,8,15:38,UTC,0.6
2022,3,8,15:39,UTC,0.1
2022,3,8,15:40,UTC,0.4
2022,3,8,15:41,UTC,0.6
2022,3,8,15:42,UTC,0.8
2022,3,8,15:43,UTC,0.7
2022,3,8,15:44,UTC,0.6
2022,3,8,15:45,UTC,0.4
2022,3,8,15:46,UTC,0.2
2022,3,8,15:47,UTC,0.1
2022,3,8,15:48,UTC,0.3
2022,3,8,15:49,UTC,0.3
2022,3,8,15:50,UTC,0.2
2022,3,8,15:51,UTC,0.4
2022,3,8,15:52,UTC,0.3
2022,3,8,15:53,UTC,0
2022,3,8,15:54,UTC,0.1
2022,3,8,15:55,UTC,0.2
2022,3,8,15:56,UTC,0.1
2022,3,8,15:57,UTC,0
2022,3,8,15:58,UTC,0.2
2022,3,8,15:59,UTC,0.4
2022,3,8,16:00,UTC,0.4
2022,3,8,16:01,UTC,0.4
2022,3,8,16:02,UTC,0.3
2022,3,8,16:03,UTC,0.4
2022,3,8,16:04,UTC,0.2
2022,3,8,16:05,UTC,0.3
2022,3,8,16:06,UTC,0.3
2022,3,8,16:07,UTC,0.2
2022,3,8,16:08,UTC,0.3
2022,3,8,16:09,UTC,0.2
2022,3,8,16:10,UTC,0.5
2022,3,8,16:11,UTC,0.5
2022,3,8,16:12,UTC,0.7
2022,3,8,16:13,UTC,0.7
2022,3,8,16:14,UTC,0.6
2022,3,8,16:15,UTC,0.9
2022,3,8,16:16,UTC,0.7
2022,3,8,16:17,UTC,0.5
2022,3,8,16:18,UTC,0.6
2022,3,8,16:19,UTC,0.6
2022,3,8,16:20,UTC,0.6
2022,3,8,16:21,UTC,0.7
2022,3,8,16:22,UTC,0.7
2022,3,8,16:23,UTC,0.5
2022,3,8,16:24,UTC,0.5
2022,3,8,16:25,UTC,0.6
2022,3,8,16:26,UTC,0.3
2022,3,8,16:27,UTC,0.2
2022,3,8,16:28,UTC,0.1
2022,3,8,16:29,UTC,0.3
2022,3,8,16:30,UTC,0.2
2022,3,8,16:31,UTC,0.2
2022,3,8,16:32,UTC,0
2022,3,8,16:33,UTC,0.1
2022,3,8,16:34,UTC,0.1
2022,3,8,16:35,UTC,0
2022,3,8,16:36,UTC,0.2
2022,3,8,16:37,UTC,0
2022,3,8,16:38,UTC,0
2022,3,8,16:39,UTC,0.5
2022,3,8,16:40,UTC,0.4
2022,3,8,16:41,UTC,0.3
2022,3,8,16:42,UTC,0.4
2022,3,8,16:43,UTC,0.5
2022,3,8,16:44,UTC,0.4
2022,3,8,16:45,UTC,0.3
2022,3,8,16:46,UTC,0.5
2022,3,8,16:47,UTC,0.4
2022,3,8,16:48,UTC,0.6
2022,3,8,16:49,UTC,0.4
2022,3,8,16:50,UTC,0.5
2022,3,8,16:51,UTC,0.4
2022,3,8,16:52,UTC,0.1
2022,3,8,16:53,UTC,0.2
2022,3,8,16:54,UTC,0.4
2022,3,8,16:55,UTC,0.4
2022,3,8,16:56,UTC,0.3
2022,3,8,16:57,UTC,0.1
2022,3,8,16:58,UTC,0
2022,3,8,16:59,UTC,0.1
2022,3,8,17:00,UTC,0
2022,3,8,17:01,UTC,0.2
2022,3,8,17:02,UTC,0.2
2022,3,8,17:03,UTC,0.2
2022,3,8,17:04,UTC,0.1
2022,3,8,17:05,UTC,0.2
2022,3,8,17:06,UTC,0.3
2022,3,8,17:07,UTC,0.3
2022,3,8,17:08,UTC,0.4
2022,3,8,17:09,UTC,0
2022,3,8,17:10,UTC,-0.2
2022,3,8,17:11,UTC,-0.1
2022,3,8,17:12,UTC,-0.1
2022,3,8,17:13,UTC,-0.1
2022,3,8,17:14,UTC,-0.1
2022,3,8,17:15,UTC,0.1
2022,3,8,17:16,UTC,0.2
2022,3,8,17:17,UTC,-0.2
2022,3,8,17:18,UTC,-0.2
2022,3,8,17:19,UTC,0
2022,3,8,17:20,UTC,-0.1
2022,3,8,17:21,UTC,-0.2
2022,3,8,17:22,UTC,-0.1
2022,3,8,17:23,UTC,0
2022,3,8,17:24,UTC,0.3
2022,3,8,17:25,UTC,0.3
2022,3,8,17:26,UTC,0.3
2022,3,8,17:27,UTC,0.1
2022,3,8,17:28,UTC,0.2
2022,3,8,17:29,UTC,0.3
2022,3,8,17:30,UTC,0.4
2022,3,8,17:31,UTC,0.6
2022,3,8,17:32,UTC,0.5
2022,3,8,17:33,UTC,0.6
2022,3,8,17:34,UTC,0.5
2022,3,8,17:35,UTC,0.4
2022,3,8,17:36,UTC,0.4
2022,3,8,17:37,UTC,0.4
2022,3,8,17:38,UTC,0.3
2022,3,8,17:39,UTC,0.2
2022,3,8,17:40,UTC,0.2
2022,3,8,17:41,UTC,0
2022,3,8,17:42,UTC,0.1
2022,3,8,17:43,UTC,0.1
2022,3,8,17:44,UTC,-0.1
2022,3,8,17:45,UTC,0.1
2022,3,8,17:46,UTC,-0.1
2022,3,8,17:47,UTC,-0.3
2022,3,8,17:48,UTC,-0.4
2022,3,8,17:49,UTC,-0.3
2022,3,8,17:50,UTC,-0.1
2022,3,8,17:51,UTC,0
2022,3,8,17:52,UTC,-0.1
2022,3,8,17:53,UTC,0.2
2022,3,8,17:54,UTC,-0.1
2022,3,8,17:55,UTC,-0.1
2022,3,8,17:56,UTC,-0.1
2022,3,8,17:57,UTC,0
2022,3,8,17:58,UTC,0
2022,3,8,17:59,UTC,0
2022,3,8,18:00,UTC,0.1
2022,3,8,18:01,UTC,0.1
2022,3,8,18:02,UTC,0
2022,3,8,18:03,UTC,-0.1
2022,3,8,18:04,UTC,0.1
2022,3,8,18:05,UTC,0.1
2022,3,8,18:06,UTC,0
2022,3,8,18:07,UTC,-0.3
2022,3,8,18:08,UTC,-0.3
2022,3,8,18:09,UTC,-0.3
2022,3,8,18:10,UTC,-0.4
2022,3,8,18:11,UTC,-0.4
2022,3,8,18:12,UTC,-0.3
2022,3,8,18:13,UTC,-0.3
2022,3,8,18:14,UTC,-0.4
2022,3,8,18:15,UTC,-0.2
2022,3,8,18:16,UTC,-0.2
2022,3,8,18:17,UTC,-0.3
2022,3,8,18:18,UTC,-0.4
2022,3,8,18:19,UTC,-0.6
2022,3,8,18:20,UTC,-0.3
2022,3,8,18:21,UTC,-0.5
2022,3,8,18:22,UTC,-0.4
2022,3,8,18:23,UTC,-0.5
2022,3,8,18:24,UTC,-0.3
2022,3,8,18:25,UTC,-0.2
2022,3,8,18:26,UTC,-0.1
2022,3,8,18:27,UTC,-0.2
2022,3,8,18:28,UTC,-0.1
2022,3,8,18:29,UTC,-0.2
2022,3,8,18:30,UTC,-0.1
2022,3,8,18:31,UTC,0
2022,3,8,18:32,UTC,0.2
2022,3,8,18:33,UTC,0.1
2022,3,8,18:34,UTC,0.2
2022,3,8,18:35,UTC,-0.2
2022,3,8,18:36,UTC,-0.2
2022,3,8,18:37,UTC,-0.2
2022,3,8,18:38,UTC,0.1
2022,3,8,18:39,UTC,0.4
2022,3,8,18:40,UTC,0.6
2022,3,8,18:41,UTC,0.5
2022,3,8,18:42,UTC,0.4
2022,3,8,18:43,UTC,0.4
2022,3,8,18:44,UTC,0.3
2022,3,8,18:45,UTC,0.4
2022,3,8,18:46,UTC,0.4
2022,3,8,18:47,UTC,0.5
2022,3,8,18:48,UTC,0.5
2022,3,8,18:49,UTC,0.5
2022,3,8,18:50,UTC,0.3
2022,3,8,18:51,UTC,0.4
2022,3,8,18:52,UTC,0.4
2022,3,8,18:53,UTC,0.4
2022,3,8,18:54,UTC,0.1
2022,3,8,18:55,UTC,0.3
2022,3,8,18:56,UTC,0.2
2022,3,8,18:57,UTC,0.4
2022,3,8,18:58,UTC,0.2
2022,3,8,18:59,UTC,0.2
2022,3,8,19:00,UTC,0
2022,3,8,19:01,UTC,-0.2
2022,3,8,19:02,UTC,-0.1
2022,3,8,19:03,UTC,0
2022,3,8,19:04,UTC,0
2022,3,8,19:05,UTC,0
2022,3,8,19:06,UTC,0
2022,3,8,19:07,UTC,0
2022,3,8,19:08,UTC,0.1
2022,3,8,19:09,UTC,0.3
2022,3,8,19:10,UTC,0.1
2022,3,8,19:11,UTC,0.3
2022,3,8,19:12,UTC,0.4
2022,3,8,19:13,UTC,0.6
2022,3,8,19:14,UTC,0.4
2022,3,8,19:15,UTC,0.5
2022,3,8,19:16,UTC,0.4
2022,3,8,19:17,UTC,0.4
2022,3,8,19:18,UTC,0.3
2022,3,8,19:19,UTC,0.4
2022,3,8,19:20,UTC,0.4
2022,3,8,19:21,UTC,0.1
2022,3,8,19:22,UTC,0.2
2022,3,8,19:23,UTC,0
2022,3,8,19:24,UTC,0
2022,3,8,19:25,UTC,0.1
2022,3,8,19:26,UTC,0.2
2022,3,8,19:27,UTC,0.2
2022,3,8,19:28,UTC,0.2
2022,3,8,19:29,UTC,0.3
2022,3,8,19:30,UTC,0.3
2022,3,8,19:31,UTC,0.3
2022,3,8,19:32,UTC,0.1
2022,3,8,19:33,UTC,0.1
2022,3,8,19:34,UTC,0.1
2022,3,8,19:35,UTC,-0.1
2022,3,8,19:36,UTC,0.1
2022,3,8,19:37,UTC,0
2022,3,8,19:38,UTC,0.1
2022,3,8,19:39,UTC,0
2022,3,8,19:40,UTC,-0.2
2022,3,8,19:41,UTC,-0.1
2022,3,8,19:42,UTC,-0.2
2022,3,8,19:43,UTC,-0.1
2022,3,8,19:44,UTC,0.1
2022,3,8,19:45,UTC,0.1
2022,3,8,19:46,UTC,0.1
2022,3,8,19:47,UTC,0
2022,3,8,19:48,UTC,0
2022,3,8,19:49,UTC,0
2022,3,8,19:50,UTC,-0.1
2022,3,8,19:51,UTC,-0.1
2022,3,8,19:52,UTC,-0.1
2022,3,8,19:53,UTC,0.1
2022,3,8,19:54,UTC,0.1
2022,3,8,19:55,UTC,0.1
2022,3,8,19:56,UTC,0.1
2022,3,8,19:57,UTC,0
2022,3,8,19:58,UTC,0.1
2022,3,8,19:59,UTC,0
2022,3,8,20:00,UTC,0.2
2022,3,8,20:01,UTC,0.3
2022,3,8,20:02,UTC,0.5
2022,3,8,20:03,UTC,0.4
2022,3,8,20:04,UTC,0.6
2022,3,8,20:05,UTC,0.7
2022,3,8,20:06,UTC,0.6
2022,3,8,20:07,UTC,0.5
2022,3,8,20:08,UTC,0.5
2022,3,8,20:09,UTC,0.6
2022,3,8,20:10,UTC,0.6
2022,3,8,20:11,UTC,0.5
2022,3,8,20:12,UTC,0.5
2022,3,8,20:13,UTC,0.5
2022,3,8,20:14,UTC,0.5
2022,3,8,20:15,UTC,0.5
2022,3,8,20:16,UTC,0.7
2022,3,8,20:17,UTC,0.6
2022,3,8,20:18,UTC,0.6
2022,3,8,20:19,UTC,0.6
2022,3,8,20:20,UTC,0.6
2022,3,8,20:21,UTC,0.5
2022,3,8,20:22,UTC,0.4
2022,3,8,20:23,UTC,0.3
2022,3,8,20:24,UTC,0
2022,3,8,20:25,UTC,0.1
2022,3,8,20:26,UTC,0.3
2022,3,8,20:27,UTC,0.3
2022,3,8,20:28,UTC,0.1
2022,3,8,20:29,UTC,0.3
2022,3,8,20:30,UTC,0.2
2022,3,8,20:31,UTC,0.3
2022,3,8,20:32,UTC,0.1
2022,3,8,20:33,UTC,0.2
2022,3,8,20:34,UTC,0.1
2022,3,8,20:35,UTC,0.3
2022,3,8,20:36,UTC,0.3
2022,3,8,20:37,UTC,0.3
2022,3,8,20:38,UTC,0.2
2022,3,8,20:39,UTC,0
2022,3,8,20:40,UTC,0.1
2022,3,8,20:41,UTC,0.1
2022,3,8,20:42,UTC,0
2022,3,8,20:43,UTC,-0.1
2022,3,8,20:44,UTC,0
2022,3,8,20:45,UTC,-0.1
2022,3,8,20:46,UTC,-0.3
2022,3,8,20:47,UTC,-0.1
2022,3,8,20:48,UTC,-0.2
2022,3,8,20:49,UTC,-0.1
2022,3,8,20:50,UTC,-0.2
2022,3,8,20:51,UTC,-0.3
2022,3,8,20:52,UTC,-0.3
2022,3,8,20:53,UTC,-0.2
2022,3,8,20:54,UTC,-0.1
2022,3,8,20:55,UTC,0
2022,3,8,20:56,UTC,-0.1
2022,3,8,20:57,UTC,-0.1
2022,3,8,20:58,UTC,0.1
2022,3,8,20:59,UTC,0
2022,3,8,21:00,UTC,0.2
2022,3,8,21:01,UTC,0.2
2022,3,8,21:02,UTC,0.1
2022,3,8,21:03,UTC,0.3
2022,3,8,21:04,UTC,0.5
2022,3,8,21:05,UTC,0.3
2022,3,8,21:06,UTC,0.5
2022,3,8,21:07,UTC,0.5
2022,3,8,21:08,UTC,0.3
2022,3,8,21:09,UTC,-0.1
2022,3,8,21:10,UTC,-0.1
2022,3,8,21:11,UTC,0.2
2022,3,8,21:12,UTC,0.2
2022,3,8,21:13,UTC,0.1
2022,3,8,21:14,UTC,-0.1
2022,3,8,21:15,UTC,0
2022,3,8,21:16,UTC,0.1
2022,3,8,21:17,UTC,-0.2
2022,3,8,21:18,UTC,-0.2
2022,3,8,21:19,UTC,-0.2
2022,3,8,21:20,UTC,-0.1
2022,3,8,21:21,UTC,0.1
2022,3,8,21:22,UTC,0
2022,3,8,21:23,UTC,-0.1
2022,3,8,21:24,UTC,0.3
2022,3,8,21:25,UTC,0.3
2022,3,8,21:26,UTC,0.3
2022,3,8,21:27,UTC,0.2
2022,3,8,21:28,UTC,0
2022,3,8,21:29,UTC,0.1
2022,3,8,21:30,UTC,0.1
2022,3,8,21:31,UTC,-0.1
2022,3,8,21:32,UTC,0
2022,3,8,21:33,UTC,-0.1
2022,3,8,21:34,UTC,-0.1
2022,3,8,21:35,UTC,-0.1
2022,3,8,21:36,UTC,0.1
2022,3,8,21:37,UTC,0.1
2022,3,8,21:38,UTC,0.1
2022,3,8,21:39,UTC,0.1
2022,3,8,21:40,UTC,0.2
2022,3,8,21:41,UTC,0.2
2022,3,8,21:42,UTC,0.3
2022,3,8,21:43,UTC,0.4
2022,3,8,21:44,UTC,0.4
2022,3,8,21:45,UTC,0.4
2022,3,8,21:46,UTC,0.3
2022,3,8,21:47,UTC,0.4
2022,3,8,21:48,UTC,0.6
2022,3,8,21:49,UTC,0.3
2022,3,8,21:50,UTC,0.4
2022,3,8,21:51,UTC,0.3
2022,3,8,21:52,UTC,0.3
2022,3,8,21:53,UTC,0
2022,3,8,21:54,UTC,0.1
2022,3,8,21:55,UTC,0.1
2022,3,8,21:56,UTC,0.1
2022,3,8,21:57,UTC,0
2022,3,8,21:58,UTC,-0.2
2022,3,8,21:59,UTC,0
2022,3,8,22:00,UTC,-0.1
2022,3,8,22:01,UTC,0.2
2022,3,8,22:02,UTC,0.3
2022,3,8,22:03,UTC,0.2
2022,3,8,22:04,UTC,0.3
2022,3,8,22:05,UTC,0.4
2022,3,8,22:06,UTC,0.2
2022,3,8,22:07,UTC,0.2
2022,3,8,22:08,UTC,0.3
2022,3,8,22:09,UTC,0.5
2022,3,8,22:10,UTC,0.6
2022,3,8,22:11,UTC,0.5
2022,3,8,22:12,UTC,0.2
2022,3,8,22:13,UTC,0.4
2022,3,8,22:14,UTC,0.4
2022,3,8,22:15,UTC,0.2
2022,3,8,22:16,UTC,0.2
2022,3,8,22:17,UTC,0.1
2022,3,8,22:18,UTC,0.1
2022,3,8,22:19,UTC,0.1
2022,3,8,22:20,UTC,0.1
2022,3,8,22:21,UTC,-0.1
2022,3,8,22:22,UTC,0
2022,3,8,22:23,UTC,0.3
2022,3,8,22:24,UTC,0.5
2022,3,8,22:25,UTC,0.6
2022,3,8,22:26,UTC,0.4
2022,3,8,22:27,UTC,0.5
2022,3,8,22:28,UTC,0.3
2022,3,8,22:29,UTC,0.2
2022,3,8,22:30,UTC,0.3
2022,3,8,22:31,UTC,0.1
2022,3,8,22:32,UTC,0.2
2022,3,8,22:33,UTC,0.1
2022,3,8,22:34,UTC,0.1
2022,3,8,22:35,UTC,-0.1
2022,3,8,22:36,UTC,0.1
2022,3,8,22:37,UTC,0
2022,3,8,22:38,UTC,0
2022,3,8,22:39,UTC,0.1
2022,3,8,22:40,UTC,0
2022,3,8,22:41,UTC,0
2022,3,8,22:42,UTC,0.1
2022,3,8,22:43,UTC,0.1
2022,3,8,22:44,UTC,0
2022,3,8,22:45,UTC,0.2
2022,3,8,22:46,UTC,0.2
2022,3,8,22:47,UTC,0.1
2022,3,8,22:48,UTC,0.1
2022,3,8,22:49,UTC,-0.1
2022,3,8,22:50,UTC,0
2022,3,8,22:51,UTC,0.2
2022,3,8,22:52,UTC,0.3
2022,3,8,22:53,UTC,0
2022,3,8,22:54,UTC,-0.4
2022,3,8,22:55,UTC,-0.3
2022,3,8,22:56,UTC,-0.3
2022,3,8,22:57,UTC,-0.3
2022,3,8,22:58,UTC,-0.4
2022,3,8,22:59,UTC,-0.3
2022,3,8,23:00,UTC,-0.2
2022,3,8,23:01,UTC,-0.1
2022,3,8,23:02,UTC,0
2022,3,8,23:03,UTC,-0.1
2022,3,8,23:04,UTC,0.1
2022,3,8,23:05,UTC,0.1
2022,3,8,23:06,UTC,0.1
2022,3,8,23:07,UTC,0
2022,3,8,23:08,UTC,0.1
2022,3,8,23:09,UTC,0.1
2022,3,8,23:10,UTC,0.2
2022,3,8,23:11,UTC,0.4
2022,3,8,23:12,UTC,0.5
2022,3,8,23:13,UTC,0.4
2022,3,8,23:14,UTC,0.3
2022,3,8,23:15,UTC,0.3
2022,3,8,23:16,UTC,0.2
2022,3,8,23:17,UTC,0.2
2022,3,8,23:18,UTC,0.1
2022,3,8,23:19,UTC,0.1
2022,3,8,23:20,UTC,0.2
2022,3,8,23:21,UTC,0.4
2022,3,8,23:22,UTC,0.3
2022,3,8,23:23,UTC,0
2022,3,8,23:24,UTC,-0.1
2022,3,8,23:25,UTC,0
2022,3,8,23:26,UTC,-0.2
2022,3,8,23:27,UTC,-0.2
2022,3,8,23:28,UTC,-0.3
2022,3,8,23:29,UTC,-0.3
2022,3,8,23:30,UTC,-0.1
2022,3,8,23:31,UTC,-0.1
2022,3,8,23:32,UTC,-0.3
2022,3,8,23:33,UTC,-0.1
2022,3,8,23:34,UTC,-0.2
2022,3,8,23:35,UTC,-0.1
2022,3,8,23:36,UTC,-0.1
2022,3,8,23:37,UTC,-0.1
2022,3,8,23:38,UTC,0
2022,3,8,23:39,UTC,0.2
2022,3,8,23:40,UTC,0
2022,3,8,23:41,UTC,0
2022,3,8,23:42,UTC,0.1
2022,3,8,23:43,UTC,0.1
2022,3,8,23:44,UTC,0.3
2022,3,8,23:45,UTC,0.3
2022,3,8,23:46,UTC,0.3
2022,3,8,23:47,UTC,0.1
2022,3,8,23:48,UTC,0
2022,3,8,23:49,UTC,-0.2
2022,3,8,23:50,UTC,-0.2
2022,3,8,23:51,UTC,-0.1
2022,3,8,23:52,UTC,-0.2
2022,3,8,23:53,UTC,-0.2
2022,3,8,23:54,UTC,0.1
2022,3,8,23:55,UTC,-0.2
2022,3,8,23:56,UTC,-0.1
2022,3,8,23:57,UTC,-0.2
2022,3,8,23:58,UTC,-0.1
2022,3,8,23:59,UTC,0.1
2022,3,9,00:00,UTC,0.2